<?xml version="1.0" encoding="UTF-8"?><oval_definitions xmlns="http://oval.mitre.org/XMLSchema/oval-definitions-5" xmlns:oval="http://oval.mitre.org/XMLSchema/oval-common-5" xmlns:oval-def="http://oval.mitre.org/XMLSchema/oval-definitions-5" xmlns:win-def="http://oval.mitre.org/XMLSchema/oval-definitions-5#windows" xmlns:ind-def="http://oval.mitre.org/XMLSchema/oval-definitions-5#independent" xmlns:xsi="http://www.w3.org/2001/XMLSchema-instance" xsi:schemaLocation="http://oval.mitre.org/XMLSchema/oval-definitions-5#windows http://oval.mitre.org/language/download/schema/version5.4/ovaldefinition/complete/windows-definitions-schema.xsd        http://oval.mitre.org/XMLSchema/oval-definitions-5#independent http://oval.mitre.org/language/download/schema/version5.4/ovaldefinition/complete/independent-definitions-schema.xsd        http://oval.mitre.org/XMLSchema/oval-definitions-5 http://oval.mitre.org/language/download/schema/version5.4/ovaldefinition/complete/oval-definitions-schema.xsd        http://oval.mitre.org/XMLSchema/oval-common-5 http://oval.mitre.org/language/download/schema/version5.4/ovaldefinition/complete/oval-common-schema.xsd">
      <generator>
            <oval:product_name>National Institute of Standards and Technology</oval:product_name>
            <oval:schema_version>5.4</oval:schema_version>
            <oval:timestamp>2009-12-09T09:48:50.000-05:00</oval:timestamp>
      </generator>
      <!-- ==================================================================================================== -->
      <!-- ==========================================  DEFINITIONS  =========================================== -->
      <!-- ==================================================================================================== -->
      <definitions>
            <definition id="oval:org.mitre.oval:def:627" version="3" class="inventory">
                  <metadata>
                        <title>Microsoft Internet Explorer 7 is installed</title>
                        <affected family="windows">
                              <platform>Microsoft Windows XP</platform>
                              <platform>Microsoft Windows Server 2003</platform>
                              <platform>Microsoft Windows Vista</platform>
                              <product>Microsoft Internet Explorer 7</product>
                        </affected>
                        <reference source="CPE" ref_id="cpe:/a:microsoft:ie:7"/>
                        <description>A version of Microsoft Internet Explorer 7 is installed.</description>
                        <oval_repository>
                              <dates>
                                    <submitted date="2007-01-09T06:00:00">
                                          <contributor organization="Secure Elements, Inc.">Sudhir Gandhe</contributor>
                                    </submitted>
                                    <status_change date="2007-01-11T15:30:00-04:00">DRAFT</status_change>
                                    <status_change date="2007-02-20T13:40:49.320-05:00">INTERIM</status_change>
                                    <modified comment="Added Microsoft Windows Vista to the list of affected platforms." date="2007-03-05T09:10:00.104-05:00">
                                          <contributor organization="The MITRE Corporation">Andrew Buttner</contributor>
                                    </modified>
                                    <status_change date="2007-03-21T16:17:23.092-04:00">ACCEPTED</status_change>
                                    <modified comment="Added Microsoft Internet Explorer 7 product. Removed Microsoft reference" date="2009-06-01T16:05:28.035-04:00">
                                          <contributor organization="The MITRE Corporation">Brendan Miles</contributor>
                                    </modified>
                                    <status_change date="2009-06-08T04:01:04.886-04:00">INTERIM</status_change>
                                    <status_change date="2009-06-29T04:01:07.843-04:00">ACCEPTED</status_change>
                                    <modified comment="Changed the pattern match from '^7\..*$' to '^7\.[0-9.]*$'." date="2009-12-03T09:19:53.113-05:00">
                                          <contributor organization="National Institute of Standards and Technology">Tim Harrison</contributor>
                                    </modified>
                                    <status_change date="2009-12-03T09:19:53.113-05:00">INTERIM</status_change>
                              </dates>
                              <status>INTERIM</status>
                        </oval_repository>
                  </metadata>
                  <criteria>
                        <criterion comment="Internet Explorer 7 is installed" test_ref="oval:org.mitre.oval:tst:178"/>
                  </criteria>
            </definition>
      </definitions>
      <!-- ==================================================================================================== -->
      <!-- =============================================  TESTS  ============================================== -->
      <!-- ==================================================================================================== -->
      <tests>
            <registry_test xmlns="http://oval.mitre.org/XMLSchema/oval-definitions-5#windows" id="oval:org.mitre.oval:tst:178" version="2" comment="Internet Explorer 7 is installed" check_existence="at_least_one_exists" check="at least one">
                  <object object_ref="oval:org.mitre.oval:obj:247"/>
                  <state state_ref="oval:org.mitre.oval:ste:115"/>
            </registry_test>
      </tests>
      <!-- ==================================================================================================== -->
      <!-- ============================================  OBJECTS  ============================================= -->
      <!-- ==================================================================================================== -->
      <objects>
            <registry_object xmlns="http://oval.mitre.org/XMLSchema/oval-definitions-5#windows" id="oval:org.mitre.oval:obj:247" version="1">
                  <hive>HKEY_LOCAL_MACHINE</hive>
                  <key>SOFTWARE\Microsoft\Internet Explorer</key>
                  <name>Version</name>
            </registry_object>
      </objects>
      <!-- ==================================================================================================== -->
      <!-- =============================================  STATES  ============================================= -->
      <!-- ==================================================================================================== -->
      <states>
            <registry_state xmlns="http://oval.mitre.org/XMLSchema/oval-definitions-5#windows" id="oval:org.mitre.oval:ste:115" version="2" comment="The registry key has a value that matches 7.*">
                  <value operation="pattern match">^7\.[0-9.]*$</value>
            </registry_state>
      </states>
      <!-- ==================================================================================================== -->
      <!-- ==================================================================================================== -->
      <!-- ==================================================================================================== -->
</oval_definitions>